,close
2021-06-16,130.15
2021-06-15,129.64
2021-06-14,130.48
2021-06-11,127.35
2021-06-10,126.11
2021-06-09,127.13
2021-06-08,126.74
2021-06-07,125.9
2021-06-04,125.89
2021-06-03,123.54
2021-06-02,125.06
2021-06-01,124.28
2021-05-28,124.61
2021-05-27,125.28
2021-05-26,126.85
2021-05-25,126.9
2021-05-24,127.1
2021-05-21,125.43
2021-05-20,127.31
2021-05-19,124.69
2021-05-18,124.85
2021-05-17,126.27
2021-05-14,127.45
2021-05-13,124.97
2021-05-12,122.77
2021-05-11,125.91
2021-05-10,126.85
2021-05-07,130.21
2021-05-06,129.74
2021-05-05,128.1
2021-05-04,127.85
2021-05-03,132.54
2021-04-30,131.46
2021-04-29,133.48
2021-04-28,133.58
2021-04-27,134.39
2021-04-26,134.72
2021-04-23,134.32
2021-04-22,131.94
2021-04-21,133.5
2021-04-20,133.11
2021-04-19,134.84
2021-04-16,134.16
2021-04-15,134.5
2021-04-14,132.03
2021-04-13,134.43
2021-04-12,131.24
2021-04-09,132.995
2021-04-08,130.36
2021-04-07,127.9
2021-04-06,126.21
2021-04-05,125.9
2021-04-01,123.0
2021-03-31,122.15
2021-03-30,119.9
2021-03-29,121.39
2021-03-26,121.21
2021-03-25,120.59
2021-03-24,120.09
2021-03-23,122.54
2021-03-22,123.39
2021-03-19,119.99
2021-03-18,120.53
2021-03-17,124.76
2021-03-16,125.57
2021-03-15,123.99
2021-03-12,121.03
2021-03-11,121.96
2021-03-10,119.98
2021-03-09,121.085
2021-03-08,116.36
2021-03-05,121.42
2021-03-04,120.13
2021-03-03,122.06
2021-03-02,125.12
2021-03-01,127.79
2021-02-26,121.26
2021-02-25,120.99
2021-02-24,125.35
2021-02-23,125.86
2021-02-22,126.0
2021-02-19,129.87
2021-02-18,129.71
2021-02-17,130.84
2021-02-16,133.19
2021-02-12,135.37
2021-02-11,135.13
2021-02-10,135.39
2021-02-09,136.01
2021-02-08,136.91
2021-02-05,136.76
2021-02-04,137.39
2021-02-03,133.94
2021-02-02,134.99
2021-02-01,134.14
2021-01-29,131.96
2021-01-28,137.09
2021-01-27,142.06
2021-01-26,143.16
2021-01-25,142.92
2021-01-22,139.07
2021-01-21,136.87
2021-01-20,132.03
2021-01-19,127.83
2021-01-15,127.14
2021-01-14,128.91
2021-01-13,130.89
2021-01-12,128.8
2021-01-11,128.98
2021-01-08,132.05
2021-01-07,130.92
2021-01-06,126.6
2021-01-05,131.01
2021-01-04,129.41
2020-12-31,132.69
2020-12-30,133.72
2020-12-29,134.87
2020-12-28,136.69
2020-12-24,131.97
2020-12-23,130.96
2020-12-22,131.88
2020-12-21,128.23
2020-12-18,126.655
2020-12-17,128.7
2020-12-16,127.81
2020-12-15,127.88
2020-12-14,121.78
2020-12-11,122.41
2020-12-10,123.24
2020-12-09,121.78
2020-12-08,124.38
2020-12-07,123.75
2020-12-04,122.25
2020-12-03,122.94
2020-12-02,123.08
2020-12-01,122.72
2020-11-30,119.05
2020-11-27,116.59
2020-11-25,116.03
2020-11-24,115.17
2020-11-23,113.85
2020-11-20,117.34
2020-11-19,118.64
2020-11-18,118.03
2020-11-17,119.39
2020-11-16,120.3
2020-11-13,119.26
2020-11-12,119.21
2020-11-11,119.49
2020-11-10,115.97
2020-11-09,116.32
2020-11-06,118.69
2020-11-05,119.03
2020-11-04,114.95
2020-11-03,110.44
2020-11-02,108.77
2020-10-30,108.86
2020-10-29,115.32
2020-10-28,111.2
2020-10-27,116.6
2020-10-26,115.05
2020-10-23,115.04
2020-10-22,115.75
2020-10-21,116.87
2020-10-20,117.51
2020-10-19,115.98
2020-10-16,119.02
2020-10-15,120.71
2020-10-14,121.19
2020-10-13,121.1
2020-10-12,124.4
2020-10-09,116.97
2020-10-08,114.97
2020-10-07,115.08
2020-10-06,113.16
2020-10-05,116.5
2020-10-02,113.02
2020-10-01,116.79
2020-09-30,115.81
2020-09-29,114.09
2020-09-28,114.96
2020-09-25,112.28
2020-09-24,108.22
2020-09-23,107.12
2020-09-22,111.81
2020-09-21,110.08
2020-09-18,106.84
2020-09-17,110.34
2020-09-16,112.13
2020-09-15,115.54
2020-09-14,115.355
2020-09-11,112.0
2020-09-10,113.49
2020-09-09,117.32
2020-09-08,112.82
2020-09-04,120.96
2020-09-03,120.88
2020-09-02,131.4
2020-09-01,134.18
2020-08-31,129.04
2020-08-28,499.23
2020-08-27,500.04
2020-08-26,506.09
2020-08-25,499.3
2020-08-24,503.43
2020-08-21,497.48
2020-08-20,473.1
2020-08-19,462.83
2020-08-18,462.25
2020-08-17,458.43
2020-08-14,459.63
2020-08-13,460.04
2020-08-12,452.04
2020-08-11,437.5
2020-08-10,450.91
2020-08-07,444.45
2020-08-06,455.61
2020-08-05,440.25
2020-08-04,438.66
2020-08-03,435.75
2020-07-31,425.04
2020-07-30,384.76
2020-07-29,380.16
2020-07-28,373.01
2020-07-27,379.24
2020-07-24,370.46
2020-07-23,371.38
2020-07-22,389.09
2020-07-21,388.0
2020-07-20,393.43
2020-07-17,385.31
2020-07-16,386.09
2020-07-15,390.9
2020-07-14,388.23
2020-07-13,381.91
2020-07-10,383.68
2020-07-09,383.01
2020-07-08,381.37
2020-07-07,372.69
2020-07-06,373.85
2020-07-02,364.11
2020-07-01,364.11
2020-06-30,364.8
2020-06-29,361.78
2020-06-26,353.63
2020-06-25,364.84
2020-06-24,360.06
2020-06-23,366.53
2020-06-22,358.87
2020-06-19,349.72
2020-06-18,351.73
2020-06-17,351.59
2020-06-16,352.08
2020-06-15,342.99
2020-06-12,338.8
2020-06-11,335.9
2020-06-10,352.84
2020-06-09,343.99
2020-06-08,333.46
2020-06-05,331.5
2020-06-04,322.32
2020-06-03,325.12
2020-06-02,323.34
2020-06-01,321.85
2020-05-29,317.94
2020-05-28,318.25
2020-05-27,318.11
2020-05-26,316.73
2020-05-22,318.89
2020-05-21,316.85
2020-05-20,319.23
2020-05-19,313.14
2020-05-18,314.96
2020-05-15,307.71
2020-05-14,309.54
2020-05-13,307.65
2020-05-12,311.41
2020-05-11,315.01
2020-05-08,310.13
2020-05-07,303.74
2020-05-06,300.63
2020-05-05,297.56
2020-05-04,293.16
2020-05-01,289.07
2020-04-30,293.8
2020-04-29,287.73
2020-04-28,278.58
2020-04-27,283.17
2020-04-24,282.97
2020-04-23,275.03
2020-04-22,276.1
2020-04-21,268.37
2020-04-20,276.93
2020-04-17,282.8
2020-04-16,286.69
2020-04-15,284.43
2020-04-14,287.05
2020-04-13,273.25
2020-04-09,267.99
2020-04-08,266.07
2020-04-07,259.43
2020-04-06,262.47
2020-04-03,241.41
2020-04-02,244.93
2020-04-01,240.91
2020-03-31,254.29
2020-03-30,254.81
2020-03-27,247.74
2020-03-26,258.44
2020-03-25,245.52
2020-03-24,246.88
2020-03-23,224.37
2020-03-20,229.24
2020-03-19,244.78
2020-03-18,246.67
2020-03-17,252.86
2020-03-16,242.21
2020-03-13,277.97
2020-03-12,248.23
2020-03-11,275.43
2020-03-10,285.34
2020-03-09,266.17
2020-03-06,289.03
2020-03-05,292.92
2020-03-04,302.74
2020-03-03,289.32
2020-03-02,298.81
2020-02-28,273.36
2020-02-27,273.52
2020-02-26,292.65
2020-02-25,288.08
2020-02-24,298.18
2020-02-21,313.05
2020-02-20,320.3
2020-02-19,323.62
2020-02-18,319.0
2020-02-14,324.95
2020-02-13,324.87
2020-02-12,327.2
2020-02-11,319.61
2020-02-10,321.55
2020-02-07,320.03
2020-02-06,325.21
2020-02-05,321.45
2020-02-04,318.85
2020-02-03,308.66
2020-01-31,309.51
2020-01-30,323.87
2020-01-29,324.34
2020-01-28,317.69
2020-01-27,308.95
2020-01-24,318.31
2020-01-23,319.23
2020-01-22,317.7
2020-01-21,316.57
2020-01-17,318.73
2020-01-16,315.24
2020-01-15,311.34
2020-01-14,312.68
2020-01-13,316.96
2020-01-10,310.33
2020-01-09,309.63
2020-01-08,303.19
2020-01-07,298.39
2020-01-06,299.8
2020-01-03,297.43
2020-01-02,300.35
2019-12-31,293.65
2019-12-30,291.52
2019-12-27,289.8
2019-12-26,289.91
2019-12-24,284.27
2019-12-23,284.0
2019-12-20,279.44
2019-12-19,280.02
2019-12-18,279.74
2019-12-17,280.41
2019-12-16,279.86
2019-12-13,275.15
2019-12-12,271.46
2019-12-11,270.77
2019-12-10,268.48
2019-12-09,266.92
2019-12-06,270.71
2019-12-05,265.58
2019-12-04,261.74
2019-12-03,259.45
2019-12-02,264.16
2019-11-29,267.25
2019-11-27,267.84
2019-11-26,264.29
2019-11-25,266.37
2019-11-22,261.78
2019-11-21,262.01
2019-11-20,263.19
2019-11-19,266.29
2019-11-18,267.1
2019-11-15,265.76
2019-11-14,262.64
2019-11-13,264.47
2019-11-12,261.96
2019-11-11,262.2
2019-11-08,260.14
2019-11-07,259.43
2019-11-06,257.24
2019-11-05,257.13
2019-11-04,257.5
2019-11-01,255.82
2019-10-31,248.76
2019-10-30,243.26
2019-10-29,243.29
2019-10-28,249.05
2019-10-25,246.58
2019-10-24,243.58
2019-10-23,243.18
2019-10-22,239.96
2019-10-21,240.51
2019-10-18,236.41
2019-10-17,235.28
2019-10-16,234.37
2019-10-15,235.32
2019-10-14,235.87
2019-10-11,236.21
2019-10-10,230.09
2019-10-09,227.03
2019-10-08,224.4
2019-10-07,227.06
2019-10-04,227.01
2019-10-03,220.82
2019-10-02,218.96
2019-10-01,224.59
2019-09-30,223.97
2019-09-27,218.82
2019-09-26,219.89
2019-09-25,221.03
2019-09-24,217.68
2019-09-23,218.72
2019-09-20,217.73
2019-09-19,220.96
2019-09-18,222.77
2019-09-17,220.7
2019-09-16,219.9
2019-09-13,218.75
2019-09-12,223.09
2019-09-11,223.59
2019-09-10,216.7
2019-09-09,214.17
2019-09-06,213.26
2019-09-05,213.28
2019-09-04,209.19
2019-09-03,205.7
2019-08-30,208.74
2019-08-29,209.01
2019-08-28,205.53
2019-08-27,204.16
2019-08-26,206.49
2019-08-23,202.64
2019-08-22,212.46
2019-08-21,212.64
2019-08-20,210.36
2019-08-19,210.35
2019-08-16,206.5
2019-08-15,201.74
2019-08-14,202.75
2019-08-13,208.97
2019-08-12,200.48
2019-08-09,200.99
2019-08-08,203.43
2019-08-07,199.04
2019-08-06,197.0
2019-08-05,193.34
2019-08-02,204.02
2019-08-01,208.43
2019-07-31,213.04
2019-07-30,208.78
2019-07-29,209.68
2019-07-26,207.74
2019-07-25,207.02
2019-07-24,208.67
2019-07-23,208.84
2019-07-22,207.22
2019-07-19,202.59
2019-07-18,205.66
2019-07-17,203.35
2019-07-16,204.5
2019-07-15,205.21
2019-07-12,203.3
2019-07-11,201.75
2019-07-10,203.23
2019-07-09,201.24
2019-07-08,200.02
2019-07-05,204.23
2019-07-03,204.41
2019-07-02,202.73
2019-07-01,201.55
2019-06-28,197.92
2019-06-27,199.74
2019-06-26,199.8
2019-06-25,195.57
2019-06-24,198.58
2019-06-21,198.78
2019-06-20,199.46
2019-06-19,197.87
2019-06-18,198.45
2019-06-17,193.89
2019-06-14,192.74
2019-06-13,194.15
2019-06-12,194.19
2019-06-11,194.81
2019-06-10,192.58
2019-06-07,190.15
2019-06-06,185.22
2019-06-05,182.54
2019-06-04,179.64
2019-06-03,173.3
2019-05-31,175.07
2019-05-30,178.3
2019-05-29,177.38
2019-05-28,178.23
2019-05-24,178.97
2019-05-23,179.66
2019-05-22,182.78
2019-05-21,186.6
2019-05-20,183.09
2019-05-17,189.0
2019-05-16,190.08
2019-05-15,190.92
2019-05-14,188.66
2019-05-13,185.72
2019-05-10,197.18
2019-05-09,200.72
2019-05-08,202.9
2019-05-07,202.86
2019-05-06,208.48
2019-05-03,211.75
2019-05-02,209.15
2019-05-01,210.52
2019-04-30,200.67
2019-04-29,204.61
2019-04-26,204.3
2019-04-25,205.28
2019-04-24,207.16
2019-04-23,207.48
2019-04-22,204.53
2019-04-18,203.86
2019-04-17,203.13
2019-04-16,199.25
2019-04-15,199.23
2019-04-12,198.87
2019-04-11,198.95
2019-04-10,200.62
2019-04-09,199.5
2019-04-08,200.1
2019-04-05,197.0
2019-04-04,195.69
2019-04-03,195.35
2019-04-02,194.02
2019-04-01,191.24
2019-03-29,189.95
2019-03-28,188.72
2019-03-27,188.47
2019-03-26,186.79
2019-03-25,188.74
2019-03-22,191.05
2019-03-21,195.09
2019-03-20,188.16
2019-03-19,186.53
2019-03-18,188.02
2019-03-15,186.12
2019-03-14,183.73
2019-03-13,181.71
2019-03-12,180.91
2019-03-11,178.9
2019-03-08,172.91
2019-03-07,172.5
2019-03-06,174.52
2019-03-05,175.53
2019-03-04,175.85
2019-03-01,174.97
2019-02-28,173.15
2019-02-27,174.87
2019-02-26,174.33
2019-02-25,174.23
2019-02-22,172.97
2019-02-21,171.06
2019-02-20,172.03
2019-02-19,170.93
2019-02-15,170.42
2019-02-14,170.8
2019-02-13,170.18
2019-02-12,170.89
2019-02-11,169.43
2019-02-08,170.41
2019-02-07,170.94
2019-02-06,174.24
2019-02-05,174.18
2019-02-04,171.25
2019-02-01,166.52
2019-01-31,166.44
2019-01-30,165.25
2019-01-29,154.68
2019-01-28,156.3
2019-01-25,157.76
2019-01-24,152.7
2019-01-23,153.92
2019-01-22,153.3
2019-01-18,156.82
2019-01-17,155.86
2019-01-16,154.94
2019-01-15,153.07
2019-01-14,150.0
2019-01-11,152.29
2019-01-10,153.8
2019-01-09,153.31
2019-01-08,150.75
2019-01-07,147.93
2019-01-04,148.26
2019-01-03,142.19
2019-01-02,157.92
2018-12-31,157.74
2018-12-28,156.23
2018-12-27,156.15
2018-12-26,157.17
2018-12-24,146.83
2018-12-21,150.73
2018-12-20,156.83
2018-12-19,160.89
2018-12-18,166.07
2018-12-17,163.94
2018-12-14,165.48
2018-12-13,170.95
2018-12-12,169.1
2018-12-11,168.63
2018-12-10,169.6
2018-12-07,168.49
2018-12-06,174.72
2018-12-04,176.69
2018-12-03,184.82
2018-11-30,178.58
2018-11-29,179.55
2018-11-28,180.94
2018-11-27,174.24
2018-11-26,174.62
2018-11-23,172.29
2018-11-21,176.78
2018-11-20,176.98
2018-11-19,185.86
2018-11-16,193.53
2018-11-15,191.41
2018-11-14,186.8
2018-11-13,192.23
2018-11-12,194.17
2018-11-09,204.47
2018-11-08,208.49
2018-11-07,209.95
2018-11-06,203.77
2018-11-05,201.59
2018-11-02,207.48
2018-11-01,222.22
2018-10-31,218.86
2018-10-30,213.3
2018-10-29,212.24
2018-10-26,216.3
2018-10-25,219.8
2018-10-24,215.09
2018-10-23,222.73
2018-10-22,220.65
2018-10-19,219.31
2018-10-18,216.02
2018-10-17,221.19
2018-10-16,222.15
2018-10-15,217.36
2018-10-12,222.11
2018-10-11,214.45
2018-10-10,216.36
2018-10-09,226.87
2018-10-08,223.77
2018-10-05,224.29
2018-10-04,227.99
2018-10-03,232.07
2018-10-02,229.28
2018-10-01,227.26
2018-09-28,225.74
2018-09-27,224.95
2018-09-26,220.42
2018-09-25,222.19
2018-09-24,220.79
2018-09-21,217.66
2018-09-20,220.03
2018-09-19,218.37
2018-09-18,218.24
2018-09-17,217.88
2018-09-14,223.84
2018-09-13,226.41
2018-09-12,221.07
2018-09-11,223.85
2018-09-10,218.33
2018-09-07,221.3
2018-09-06,223.1
2018-09-05,226.87
2018-09-04,228.36
2018-08-31,227.63
2018-08-30,225.03
2018-08-29,222.98
2018-08-28,219.7
2018-08-27,217.94
2018-08-24,216.16
2018-08-23,215.49
2018-08-22,215.05
2018-08-21,215.04
2018-08-20,215.46
2018-08-17,217.58
2018-08-16,213.32
2018-08-15,210.24
2018-08-14,209.75
2018-08-13,208.87
2018-08-10,207.53
2018-08-09,208.88
2018-08-08,207.25
2018-08-07,207.11
2018-08-06,209.07
2018-08-03,207.99
2018-08-02,207.39
2018-08-01,201.5
2018-07-31,190.29
2018-07-30,189.91
2018-07-27,190.98
2018-07-26,194.21
2018-07-25,194.82
2018-07-24,193.0
2018-07-23,191.61
2018-07-20,191.44
2018-07-19,191.88
2018-07-18,190.4
2018-07-17,191.45
2018-07-16,190.91
2018-07-13,191.33
2018-07-12,191.03
2018-07-11,187.88
2018-07-10,190.35
2018-07-09,190.58
2018-07-06,187.97
2018-07-05,185.4
2018-07-03,183.92
2018-07-02,187.18
2018-06-29,185.11
2018-06-28,185.5
2018-06-27,184.16
2018-06-26,184.43
2018-06-25,182.17
2018-06-22,184.92
2018-06-21,185.46
2018-06-20,186.5
2018-06-19,185.69
2018-06-18,188.74
2018-06-15,188.84
2018-06-14,190.8
2018-06-13,190.7
2018-06-12,192.28
2018-06-11,191.23
2018-06-08,191.7
2018-06-07,193.46
2018-06-06,193.98
2018-06-05,193.31
2018-06-04,191.83
2018-06-01,190.24
2018-05-31,186.87
2018-05-30,187.5
2018-05-29,187.9
2018-05-25,188.58
2018-05-24,188.15
2018-05-23,188.36
2018-05-22,187.16
2018-05-21,187.63
2018-05-18,186.31
2018-05-17,186.99
2018-05-16,188.18
2018-05-15,186.44
2018-05-14,188.15
2018-05-11,188.59
2018-05-10,190.04
2018-05-09,187.36
2018-05-08,186.05
2018-05-07,185.16
2018-05-04,183.83
2018-05-03,176.89
2018-05-02,176.57
2018-05-01,169.1
2018-04-30,165.26
2018-04-27,162.32
2018-04-26,164.22
2018-04-25,163.65
2018-04-24,162.94
2018-04-23,165.24
2018-04-20,165.72
2018-04-19,172.8
2018-04-18,177.84
2018-04-17,178.24
2018-04-16,175.82
2018-04-13,174.73
2018-04-12,174.14
2018-04-11,172.44
2018-04-10,173.25
2018-04-09,170.05
2018-04-06,168.38
2018-04-05,172.8
2018-04-04,171.61
2018-04-03,168.39
2018-04-02,166.68
2018-03-29,167.78
2018-03-28,166.48
2018-03-27,168.34
2018-03-26,172.77
2018-03-23,164.94
2018-03-22,168.85
2018-03-21,171.27
2018-03-20,175.24
2018-03-19,175.3
2018-03-16,178.02
2018-03-15,178.65
2018-03-14,178.44
2018-03-13,179.97
2018-03-12,181.72
2018-03-09,179.98
2018-03-08,176.94
2018-03-07,175.03
2018-03-06,176.67
2018-03-05,176.82
2018-03-02,176.21
2018-03-01,175.0
2018-02-28,178.12
2018-02-27,178.39
2018-02-26,178.97
2018-02-23,175.5
2018-02-22,172.5
2018-02-21,171.07
2018-02-20,171.85
2018-02-16,172.43
2018-02-15,172.99
2018-02-14,167.37
2018-02-13,164.34
2018-02-12,162.71
2018-02-09,156.41
2018-02-08,155.15
2018-02-07,159.54
2018-02-06,163.03
2018-02-05,156.49
2018-02-02,160.5
2018-02-01,167.78
2018-01-31,167.43
2018-01-30,166.97
2018-01-29,167.96
2018-01-26,171.51
2018-01-25,171.11
2018-01-24,174.22
2018-01-23,177.04
2018-01-22,177.0
2018-01-19,178.46
2018-01-18,179.26
2018-01-17,179.1
2018-01-16,176.19
2018-01-12,177.09
2018-01-11,175.28
2018-01-10,174.29
2018-01-09,174.33
2018-01-08,174.35
2018-01-05,175.0
2018-01-04,173.03
2018-01-03,172.23
2018-01-02,172.26
2017-12-29,169.23
2017-12-28,171.08
2017-12-27,170.6
2017-12-26,170.57
2017-12-22,175.01
2017-12-21,175.01
2017-12-20,174.35
2017-12-19,174.54
2017-12-18,176.42
2017-12-15,173.97
2017-12-14,172.22
2017-12-13,172.27
2017-12-12,171.7
2017-12-11,172.67
2017-12-08,169.37
2017-12-07,169.32
2017-12-06,169.01
2017-12-05,169.64
2017-12-04,169.8
2017-12-01,171.05
2017-11-30,171.85
2017-11-29,169.48
2017-11-28,173.07
2017-11-27,174.09
2017-11-24,174.97
2017-11-22,174.96
2017-11-21,173.14
2017-11-20,169.98
2017-11-17,170.15
2017-11-16,171.1
2017-11-15,169.08
2017-11-14,171.34
2017-11-13,173.97
2017-11-10,174.67
2017-11-09,175.88
2017-11-08,176.24
2017-11-07,174.81
2017-11-06,174.25
2017-11-03,172.5
2017-11-02,168.11
2017-11-01,166.89
2017-10-31,169.04
2017-10-30,166.72
2017-10-27,163.05
2017-10-26,157.41
2017-10-25,156.41
2017-10-24,157.1
2017-10-23,156.17
2017-10-20,156.25
2017-10-19,155.98
2017-10-18,159.76
2017-10-17,160.47
2017-10-16,159.88
2017-10-13,156.99
2017-10-12,156.0
2017-10-11,156.55
2017-10-10,155.9
2017-10-09,155.84
2017-10-06,155.3
2017-10-05,155.39
2017-10-04,153.48
2017-10-03,154.48
2017-10-02,153.81
2017-09-29,154.12
2017-09-28,153.28
2017-09-27,154.23
2017-09-26,153.14
2017-09-25,150.55
2017-09-22,151.89
2017-09-21,153.39
2017-09-20,156.07
2017-09-19,158.73
2017-09-18,158.67
2017-09-15,159.88
2017-09-14,158.28
2017-09-13,159.65
2017-09-12,160.86
2017-09-11,161.5
2017-09-08,158.63
2017-09-07,161.26
2017-09-06,161.91
2017-09-05,162.08
2017-09-01,164.05
2017-08-31,164.0
2017-08-30,163.35
2017-08-29,162.91
2017-08-28,161.47
2017-08-25,159.86
2017-08-24,159.27
2017-08-23,159.98
2017-08-22,159.78
2017-08-21,157.21
2017-08-18,157.5
2017-08-17,157.86
2017-08-16,160.95
2017-08-15,161.6
2017-08-14,159.85
2017-08-11,157.48
2017-08-10,155.32
2017-08-09,161.06
2017-08-08,160.08
2017-08-07,158.81
2017-08-04,156.39
2017-08-03,155.57
2017-08-02,157.14
2017-08-01,150.05
2017-07-31,148.73
2017-07-28,149.5
2017-07-27,150.56
2017-07-26,153.46
2017-07-25,152.74
2017-07-24,152.09
2017-07-21,150.27
2017-07-20,150.34
2017-07-19,151.02
2017-07-18,150.08
2017-07-17,149.56
2017-07-14,149.04
2017-07-13,147.77
2017-07-12,145.74
2017-07-11,145.53
2017-07-10,145.06
2017-07-07,144.18
2017-07-06,142.73
2017-07-05,144.09
2017-07-03,143.5
2017-06-30,144.02
2017-06-29,143.68
2017-06-28,145.83
2017-06-27,143.73
2017-06-26,145.82
2017-06-23,146.28
2017-06-22,145.63
2017-06-21,145.87
2017-06-20,145.01
2017-06-19,146.34
2017-06-16,142.27
2017-06-15,144.29
2017-06-14,145.16
2017-06-13,146.59
2017-06-12,145.42
2017-06-09,148.98
2017-06-08,154.99
2017-06-07,155.37
2017-06-06,154.45
2017-06-05,153.93
2017-06-02,155.45
2017-06-01,153.18
2017-05-31,152.76
2017-05-30,153.67
2017-05-26,153.61
2017-05-25,153.87
2017-05-24,153.34
2017-05-23,153.8
2017-05-22,153.99
2017-05-19,153.06
2017-05-18,152.54
2017-05-17,150.25
2017-05-16,155.47
2017-05-15,155.7
2017-05-12,156.1
2017-05-11,153.95
2017-05-10,153.26
2017-05-09,153.99
2017-05-08,153.01
2017-05-05,148.96
2017-05-04,146.53
2017-05-03,147.06
2017-05-02,147.51
2017-05-01,146.58
2017-04-28,143.65
2017-04-27,143.79
2017-04-26,143.68
2017-04-25,144.53
2017-04-24,143.64
2017-04-21,142.27
2017-04-20,142.44
2017-04-19,140.68
2017-04-18,141.2
2017-04-17,141.83
2017-04-13,141.05
2017-04-12,141.8
2017-04-11,141.63
2017-04-10,143.17
2017-04-07,143.34
2017-04-06,143.66
2017-04-05,144.02
2017-04-04,144.77
2017-04-03,143.7
2017-03-31,143.66
2017-03-30,143.93
2017-03-29,144.12
2017-03-28,143.8
2017-03-27,140.88
2017-03-24,140.64
2017-03-23,140.92
2017-03-22,141.42
2017-03-21,139.84
2017-03-20,141.46
2017-03-17,139.99
2017-03-16,140.69
2017-03-15,140.46
2017-03-14,138.99
2017-03-13,139.2
2017-03-10,139.14
2017-03-09,138.68
2017-03-08,139.0
2017-03-07,139.52
2017-03-06,139.34
2017-03-03,139.78
2017-03-02,138.96
2017-03-01,139.79
2017-02-28,136.99
2017-02-27,136.93
2017-02-24,136.66
2017-02-23,136.53
2017-02-22,137.11
2017-02-21,136.7
2017-02-17,135.72
2017-02-16,135.345
2017-02-15,135.51
2017-02-14,135.02
2017-02-13,133.29
2017-02-10,132.12
2017-02-09,132.42
2017-02-08,132.04
2017-02-07,131.53
2017-02-06,130.29
2017-02-03,129.08
2017-02-02,128.53
2017-02-01,128.75
2017-01-31,121.35
2017-01-30,121.63
2017-01-27,121.95
2017-01-26,121.94
2017-01-25,121.88
2017-01-24,119.97
2017-01-23,120.08
2017-01-20,120.0
2017-01-19,119.78
2017-01-18,119.99
2017-01-17,120.0
2017-01-13,119.04
2017-01-12,119.25
2017-01-11,119.75
2017-01-10,119.11
2017-01-09,118.99
2017-01-06,117.91
2017-01-05,116.61
2017-01-04,116.02
2017-01-03,116.15
2016-12-30,115.82
2016-12-29,116.73
2016-12-28,116.76
2016-12-27,117.26
2016-12-23,116.52
2016-12-22,116.29
2016-12-21,117.06
2016-12-20,116.95
2016-12-19,116.64
2016-12-16,115.97
2016-12-15,115.82
2016-12-14,115.19
2016-12-13,115.19
2016-12-12,113.3
2016-12-09,113.95
2016-12-08,112.12
2016-12-07,111.03
2016-12-06,109.95
2016-12-05,109.11
2016-12-02,109.9
2016-12-01,109.49
2016-11-30,110.52
2016-11-29,111.46
2016-11-28,111.57
2016-11-25,111.79
2016-11-23,111.23
2016-11-22,111.8
2016-11-21,111.73
2016-11-18,110.06
2016-11-17,109.95
2016-11-16,109.99
2016-11-15,107.11
2016-11-14,105.71
2016-11-11,108.43
2016-11-10,107.79
2016-11-09,110.88
2016-11-08,111.06
2016-11-07,110.41
2016-11-04,108.84
2016-11-03,109.83
2016-11-02,111.59
2016-11-01,111.49
2016-10-31,113.54
2016-10-28,113.72
2016-10-27,114.48
2016-10-26,115.59
2016-10-25,118.25
2016-10-24,117.65
2016-10-21,116.6
2016-10-20,117.06
2016-10-19,117.12
2016-10-18,117.47
2016-10-17,117.55
2016-10-14,117.63
2016-10-13,116.98
2016-10-12,117.34
2016-10-11,116.3
2016-10-10,116.05
2016-10-07,114.06
2016-10-06,113.89
2016-10-05,113.05
2016-10-04,113.0
2016-10-03,112.52
2016-09-30,113.05
2016-09-29,112.18
2016-09-28,113.95
2016-09-27,113.09
2016-09-26,112.88
2016-09-23,112.71
2016-09-22,114.62
2016-09-21,113.55
2016-09-20,113.57
2016-09-19,113.58
2016-09-16,114.92
2016-09-15,115.57
2016-09-14,111.77
2016-09-13,107.95
2016-09-12,105.44
2016-09-09,103.13
2016-09-08,105.52
2016-09-07,108.36
2016-09-06,107.7
2016-09-02,107.73
2016-09-01,106.73
2016-08-31,106.1
2016-08-30,106.0
2016-08-29,106.82
2016-08-26,106.94
2016-08-25,107.57
2016-08-24,108.03
2016-08-23,108.85
2016-08-22,108.51
2016-08-19,109.36
2016-08-18,109.08
2016-08-17,109.22
2016-08-16,109.38
2016-08-15,109.48
2016-08-12,108.18
2016-08-11,107.93
2016-08-10,108.0
2016-08-09,108.81
2016-08-08,108.37
2016-08-05,107.48
2016-08-04,105.87
2016-08-03,105.79
2016-08-02,104.48
2016-08-01,106.05
2016-07-29,104.21
2016-07-28,104.34
2016-07-27,102.95
2016-07-26,96.67
2016-07-25,97.34
2016-07-22,98.66
2016-07-21,99.43
2016-07-20,99.96
2016-07-19,99.87
2016-07-18,99.83
2016-07-15,98.78
2016-07-14,98.79
2016-07-13,96.87
2016-07-12,97.42
2016-07-11,96.98
2016-07-08,96.68
2016-07-07,95.94
2016-07-06,95.53
2016-07-05,94.99
2016-07-01,95.89
2016-06-30,95.6
2016-06-29,94.4
2016-06-28,93.59
2016-06-27,92.04
2016-06-24,93.4
2016-06-23,96.1
2016-06-22,95.55
2016-06-21,95.91
2016-06-20,95.1
2016-06-17,95.33
2016-06-16,97.55
2016-06-15,97.14
2016-06-14,97.46
2016-06-13,97.34
2016-06-10,98.83
2016-06-09,99.65
2016-06-08,98.94
2016-06-07,99.03
2016-06-06,98.63
2016-06-03,97.92
2016-06-02,97.72
2016-06-01,98.46
2016-05-31,99.86
2016-05-27,100.35
2016-05-26,100.41
2016-05-25,99.62
2016-05-24,97.9
2016-05-23,96.43
2016-05-20,95.22
2016-05-19,94.2
2016-05-18,94.56
2016-05-17,93.49
2016-05-16,93.88
2016-05-13,90.52
2016-05-12,90.34
2016-05-11,92.51
2016-05-10,93.42
2016-05-09,92.79
2016-05-06,92.72
2016-05-05,93.24
2016-05-04,94.19
2016-05-03,95.18
2016-05-02,93.64
2016-04-29,93.74
2016-04-28,94.83
2016-04-27,97.82
2016-04-26,104.35
2016-04-25,105.08
2016-04-22,105.68
2016-04-21,105.97
2016-04-20,107.13
2016-04-19,106.91
2016-04-18,107.48
2016-04-15,109.85
2016-04-14,112.1
2016-04-13,112.04
2016-04-12,110.44
2016-04-11,109.02
2016-04-08,108.66
2016-04-07,108.54
2016-04-06,110.96
2016-04-05,109.81
2016-04-04,111.12
2016-04-01,109.99
2016-03-31,108.99
2016-03-30,109.56
2016-03-29,107.68
2016-03-28,105.19
2016-03-24,105.67
2016-03-23,106.13
2016-03-22,106.72
2016-03-21,105.91
2016-03-18,105.92
2016-03-17,105.8
2016-03-16,105.97
2016-03-15,104.58
2016-03-14,102.52
2016-03-11,102.26
2016-03-10,101.17
2016-03-09,101.12
2016-03-08,101.03
2016-03-07,101.87
2016-03-04,103.01
2016-03-03,101.5
2016-03-02,100.75
2016-03-01,100.53
2016-02-29,96.69
2016-02-26,96.91
2016-02-25,96.76
2016-02-24,96.1
2016-02-23,94.69
2016-02-22,96.88
2016-02-19,96.04
2016-02-18,96.26
2016-02-17,98.12
2016-02-16,96.64
2016-02-12,93.99
2016-02-11,93.7
2016-02-10,94.27
2016-02-09,94.99
2016-02-08,95.01
2016-02-05,94.02
2016-02-04,96.6
2016-02-03,96.35
2016-02-02,94.48
2016-02-01,96.43
2016-01-29,97.34
2016-01-28,94.09
2016-01-27,93.42
2016-01-26,99.99
2016-01-25,99.44
2016-01-22,101.42
2016-01-21,96.3
2016-01-20,96.79
2016-01-19,96.66
2016-01-15,97.13
2016-01-14,99.52
2016-01-13,97.39
2016-01-12,99.96
2016-01-11,98.53
2016-01-08,96.96
2016-01-07,96.45
2016-01-06,100.7
2016-01-05,102.71
2016-01-04,105.35
2015-12-31,105.26
2015-12-30,107.32
2015-12-29,108.74
2015-12-28,106.82
2015-12-24,108.03
2015-12-23,108.61
2015-12-22,107.23
2015-12-21,107.33
2015-12-18,106.03
2015-12-17,108.98
2015-12-16,111.34
2015-12-15,110.49
2015-12-14,112.48
2015-12-11,113.18
2015-12-10,116.17
2015-12-09,115.62
2015-12-08,118.23
2015-12-07,118.28
2015-12-04,119.03
2015-12-03,115.2
2015-12-02,116.28
2015-12-01,117.34
2015-11-30,118.3
2015-11-27,117.81
2015-11-25,118.03
2015-11-24,118.88
2015-11-23,117.75
2015-11-20,119.3
2015-11-19,118.78
2015-11-18,117.29
2015-11-17,113.69
2015-11-16,114.175
2015-11-13,112.34
2015-11-12,115.72
2015-11-11,116.11
2015-11-10,116.77
2015-11-09,120.57
2015-11-06,121.06
2015-11-05,120.92
2015-11-04,122.0
2015-11-03,122.57
2015-11-02,121.18
2015-10-30,119.5
2015-10-29,120.53
2015-10-28,119.27
2015-10-27,114.55
2015-10-26,115.28
2015-10-23,119.08
2015-10-22,115.5
2015-10-21,113.76
2015-10-20,113.77
2015-10-19,111.73
2015-10-16,111.04
2015-10-15,111.86
2015-10-14,110.21
2015-10-13,111.79
2015-10-12,111.6
2015-10-09,112.12
2015-10-08,109.5
2015-10-07,110.78
2015-10-06,111.31
2015-10-05,110.78
2015-10-02,110.38
2015-10-01,109.58
2015-09-30,109.95
2015-09-29,109.06
2015-09-28,112.44
2015-09-25,114.71
2015-09-24,115.0
2015-09-23,114.32
2015-09-22,113.4
2015-09-21,115.21
2015-09-18,113.45
2015-09-17,113.92
2015-09-16,116.41
2015-09-15,116.28
2015-09-14,115.31
2015-09-11,114.21
2015-09-10,112.57
2015-09-09,110.15
2015-09-08,112.31
2015-09-04,109.27
2015-09-03,110.37
2015-09-02,112.34
2015-09-01,107.72
2015-08-31,112.76
2015-08-28,113.29
2015-08-27,112.92
2015-08-26,109.69
2015-08-25,103.74
2015-08-24,103.12
2015-08-21,105.76
2015-08-20,112.65
2015-08-19,115.01
2015-08-18,116.5
2015-08-17,117.16
2015-08-14,115.96
2015-08-13,115.15
2015-08-12,115.24
2015-08-11,113.49
2015-08-10,119.72
2015-08-07,115.52
2015-08-06,115.13
2015-08-05,115.4
2015-08-04,114.64
2015-08-03,118.44
2015-07-31,121.3
2015-07-30,122.37
2015-07-29,122.99
2015-07-28,123.38
2015-07-27,122.77
2015-07-24,124.5
2015-07-23,125.16
2015-07-22,125.22
2015-07-21,130.75
2015-07-20,132.07
2015-07-17,129.62
2015-07-16,128.51
2015-07-15,126.82
2015-07-14,125.61
2015-07-13,125.66
2015-07-10,123.28
2015-07-09,120.07
2015-07-08,122.57
2015-07-07,125.69
2015-07-06,126.0
2015-07-02,126.44
2015-07-01,126.6
2015-06-30,125.425
2015-06-29,124.53
2015-06-26,126.75
2015-06-25,127.5
2015-06-24,128.11
2015-06-23,127.03
2015-06-22,127.61
2015-06-19,126.6
2015-06-18,127.88
2015-06-17,127.3
2015-06-16,127.6
2015-06-15,126.92
2015-06-12,127.17
2015-06-11,128.59
2015-06-10,128.88
2015-06-09,127.42
2015-06-08,127.8
2015-06-05,128.65
2015-06-04,129.36
2015-06-03,130.12
2015-06-02,129.96
2015-06-01,130.535
2015-05-29,130.28
2015-05-28,131.78
2015-05-27,132.045
2015-05-26,129.62
2015-05-22,132.54
2015-05-21,131.39
2015-05-20,130.06
2015-05-19,130.07
2015-05-18,130.19
2015-05-15,128.77
2015-05-14,128.95
2015-05-13,126.01
2015-05-12,125.865
2015-05-11,126.32
2015-05-08,127.62
2015-05-07,125.26
2015-05-06,125.01
2015-05-05,125.8
2015-05-04,128.7
2015-05-01,128.95
2015-04-30,125.15
2015-04-29,128.64
2015-04-28,130.56
2015-04-27,132.65
2015-04-24,130.28
2015-04-23,129.67
2015-04-22,128.62
2015-04-21,126.91
2015-04-20,127.6
2015-04-17,124.75
2015-04-16,126.17
2015-04-15,126.78
2015-04-14,126.3
2015-04-13,126.85
2015-04-10,127.1
2015-04-09,126.56
2015-04-08,125.6
2015-04-07,126.01
2015-04-06,127.35
2015-04-02,125.32
2015-04-01,124.25
2015-03-31,124.43
2015-03-30,126.37
2015-03-27,123.25
2015-03-26,124.24
2015-03-25,123.38
2015-03-24,126.69
2015-03-23,127.21
2015-03-20,125.9
2015-03-19,127.495
2015-03-18,128.47
2015-03-17,127.04
2015-03-16,124.95
2015-03-13,123.59
2015-03-12,124.45
2015-03-11,122.24
2015-03-10,124.51
2015-03-09,127.14
2015-03-06,126.6
2015-03-05,126.41
2015-03-04,128.54
2015-03-03,129.36
2015-03-02,129.09
2015-02-27,128.46
2015-02-26,130.415
2015-02-25,128.79
2015-02-24,132.17
2015-02-23,133.0
2015-02-20,129.495
2015-02-19,128.45
2015-02-18,128.715
2015-02-17,127.83
2015-02-13,127.08
2015-02-12,126.46
2015-02-11,124.88
2015-02-10,122.02
2015-02-09,119.72
2015-02-06,118.93
2015-02-05,119.94
2015-02-04,119.56
2015-02-03,118.65
2015-02-02,118.63
2015-01-30,117.16
2015-01-29,118.9
2015-01-28,115.31
2015-01-27,109.14
2015-01-26,113.1
2015-01-23,112.98
2015-01-22,112.4
2015-01-21,109.55
2015-01-20,108.72
2015-01-16,105.99
2015-01-15,106.82
2015-01-14,109.8
2015-01-13,110.22
2015-01-12,109.25
2015-01-09,112.01
2015-01-08,111.89
2015-01-07,107.75
2015-01-06,106.26
2015-01-05,106.25
2015-01-02,109.33
2014-12-31,110.38
2014-12-30,112.52
2014-12-29,113.91
2014-12-26,113.99
2014-12-24,112.01
2014-12-23,112.54
2014-12-22,112.94
2014-12-19,111.78
2014-12-18,112.65
2014-12-17,109.41
2014-12-16,106.745
2014-12-15,108.225
2014-12-12,109.73
2014-12-11,111.62
2014-12-10,111.95
2014-12-09,114.12
2014-12-08,112.4
2014-12-05,115.0
2014-12-04,115.49
2014-12-03,115.93
2014-12-02,114.63
2014-12-01,115.07
2014-11-28,118.93
2014-11-26,119.0
2014-11-25,117.6
2014-11-24,118.625
2014-11-21,116.47
2014-11-20,116.31
2014-11-19,114.67
2014-11-18,115.47
2014-11-17,113.99
2014-11-14,114.18
2014-11-13,112.82
2014-11-12,111.25
2014-11-11,109.7
2014-11-10,108.83
2014-11-07,109.01
2014-11-06,108.7
2014-11-05,108.86
2014-11-04,108.6
2014-11-03,109.4
2014-10-31,108.0
2014-10-30,106.98
2014-10-29,107.34
2014-10-28,106.74
2014-10-27,105.11
2014-10-24,105.22
2014-10-23,104.83
2014-10-22,102.99
2014-10-21,102.47
2014-10-20,99.76
2014-10-17,97.67
2014-10-16,96.26
2014-10-15,97.54
2014-10-14,98.75
2014-10-13,99.81
2014-10-10,100.73
2014-10-09,101.02
2014-10-08,100.8
2014-10-07,98.75
2014-10-06,99.62
2014-10-03,99.62
2014-10-02,99.9
2014-10-01,99.18
2014-09-30,100.75
2014-09-29,100.11
2014-09-26,100.75
2014-09-25,97.87
2014-09-24,101.75
2014-09-23,102.64
2014-09-22,101.06
2014-09-19,100.96
2014-09-18,101.79
2014-09-17,101.58
2014-09-16,100.86
2014-09-15,101.63
2014-09-12,101.66
2014-09-11,101.43
2014-09-10,101.0
2014-09-09,97.99
2014-09-08,98.36
2014-09-05,98.97
2014-09-04,98.12
2014-09-03,98.94
2014-09-02,103.3
2014-08-29,102.5
2014-08-28,102.25
2014-08-27,102.13
2014-08-26,100.889
2014-08-25,101.54
2014-08-22,101.32
2014-08-21,100.58
2014-08-20,100.57
2014-08-19,100.53
2014-08-18,99.16
2014-08-15,97.98
2014-08-14,97.5
2014-08-13,97.24
2014-08-12,95.97
2014-08-11,95.99
2014-08-08,94.74
2014-08-07,94.48
2014-08-06,94.96
2014-08-05,95.12
2014-08-04,95.59
2014-08-01,96.13
2014-07-31,95.6
2014-07-30,98.15
2014-07-29,98.38
2014-07-28,99.02
2014-07-25,97.671
2014-07-24,97.03
2014-07-23,97.19
2014-07-22,94.72
2014-07-21,93.939
2014-07-18,94.43
2014-07-17,93.0899
2014-07-16,94.78
2014-07-15,95.32
2014-07-14,96.45
2014-07-11,95.22
2014-07-10,95.035
2014-07-09,95.39
2014-07-08,95.35
2014-07-07,95.968
2014-07-03,94.03
2014-07-02,93.48
2014-07-01,93.52
2014-06-30,92.93
2014-06-27,91.98
2014-06-26,90.9
2014-06-25,90.36
2014-06-24,90.28
2014-06-23,90.83
2014-06-20,90.91
2014-06-19,91.86
2014-06-18,92.18
2014-06-17,92.08
2014-06-16,92.2
2014-06-13,91.28
2014-06-12,92.29
2014-06-11,93.86
2014-06-10,94.25
2014-06-09,93.7
2014-06-06,645.57
2014-06-05,647.35
2014-06-04,644.82
2014-06-03,637.54
2014-06-02,628.65
2014-05-30,633.0
2014-05-29,635.38
2014-05-28,624.01
2014-05-27,625.63
2014-05-23,614.13
2014-05-22,607.27
2014-05-21,606.31
2014-05-20,604.71
2014-05-19,604.59
2014-05-16,597.51
2014-05-15,588.82
2014-05-14,593.87
2014-05-13,593.76
2014-05-12,592.83
2014-05-09,585.5425
2014-05-08,587.99
2014-05-07,592.33
2014-05-06,594.41
2014-05-05,600.96
2014-05-02,592.58
2014-05-01,591.48
2014-04-30,590.09
2014-04-29,592.33
2014-04-28,594.09
2014-04-25,571.94
2014-04-24,567.77
2014-04-23,524.75
2014-04-22,531.699
2014-04-21,531.17
2014-04-17,524.94
2014-04-16,519.01
2014-04-15,517.9599
2014-04-14,521.68
2014-04-11,519.61
2014-04-10,523.48
2014-04-09,530.32
2014-04-08,523.44
2014-04-07,523.47
2014-04-04,531.82
2014-04-03,538.79
2014-04-02,542.55
2014-04-01,541.65
2014-03-31,536.74
2014-03-28,536.86
2014-03-27,537.46
2014-03-26,539.78
2014-03-25,544.99
2014-03-24,539.19
2014-03-21,532.87
2014-03-20,528.7
2014-03-19,531.26
2014-03-18,531.4
2014-03-17,526.74
2014-03-14,524.69
2014-03-13,530.65
2014-03-12,536.61
2014-03-11,536.09
2014-03-10,530.92
2014-03-07,530.44
2014-03-06,530.75
2014-03-05,532.36
2014-03-04,531.24
2014-03-03,527.76
2014-02-28,526.24
2014-02-27,527.67
2014-02-26,517.35
2014-02-25,522.06
2014-02-24,527.55
2014-02-21,525.25
2014-02-20,531.15
2014-02-19,537.37
2014-02-18,545.99
2014-02-14,543.99
2014-02-13,544.43
2014-02-12,535.92
2014-02-11,535.96
2014-02-10,528.99
2014-02-07,519.68
2014-02-06,512.51
2014-02-05,512.59
2014-02-04,508.79
2014-02-03,501.53
2014-01-31,500.6
2014-01-30,499.782
2014-01-29,500.75
2014-01-28,506.5
2014-01-27,550.5
2014-01-24,546.07
2014-01-23,556.18
2014-01-22,551.51
2014-01-21,549.07
2014-01-17,540.67
2014-01-16,554.25
2014-01-15,557.36
2014-01-14,546.39
2014-01-13,535.73
2014-01-10,532.94
2014-01-09,536.519
2014-01-08,543.46
2014-01-07,540.0375
2014-01-06,543.93
2014-01-03,540.98
2014-01-02,553.13
2013-12-31,561.02
2013-12-30,554.52
2013-12-27,560.09
2013-12-26,563.9
2013-12-24,567.67
2013-12-23,570.09
2013-12-20,549.02
2013-12-19,544.46
2013-12-18,550.77
2013-12-17,554.99
2013-12-16,557.5
2013-12-13,554.43
2013-12-12,560.54
2013-12-11,561.36
2013-12-10,565.55
2013-12-09,566.43
2013-12-06,560.02
2013-12-05,567.901
2013-12-04,565.0
2013-12-03,566.322
2013-12-02,551.23
2013-11-29,556.07
2013-11-27,545.96
2013-11-26,533.4
2013-11-25,523.74
2013-11-22,519.8
2013-11-21,521.136
2013-11-20,515.0
2013-11-19,519.55
2013-11-18,518.629
2013-11-15,524.991
2013-11-14,528.16
2013-11-13,520.634
2013-11-12,520.01
2013-11-11,519.048
2013-11-08,520.56
2013-11-07,512.492
2013-11-06,520.92
2013-11-05,525.449
2013-11-04,526.75
2013-11-01,520.03
2013-10-31,522.702
2013-10-30,524.896
2013-10-29,516.678
2013-10-28,529.876
2013-10-25,525.958
2013-10-24,531.91
2013-10-23,524.96
2013-10-22,519.8675
2013-10-21,521.362
2013-10-18,508.89
2013-10-17,504.5
2013-10-16,501.114
2013-10-15,498.68
2013-10-14,496.04
2013-10-11,492.812
2013-10-10,489.638
2013-10-09,486.588
2013-10-08,480.94
2013-10-07,487.75
2013-10-04,483.03
2013-10-03,483.41
2013-10-02,489.56
2013-10-01,487.96
2013-09-30,476.75
2013-09-27,482.75
2013-09-26,486.22
2013-09-25,481.53
2013-09-24,489.1
2013-09-23,490.64
2013-09-20,467.41
2013-09-19,472.3
2013-09-18,464.68
2013-09-17,455.32
2013-09-16,450.12
2013-09-13,464.9
2013-09-12,472.69
2013-09-11,467.71
2013-09-10,494.64
2013-09-09,506.17
2013-09-06,498.22
2013-09-05,495.27
2013-09-04,498.691
2013-09-03,488.58
2013-08-30,487.216
2013-08-29,491.7
2013-08-28,490.896
2013-08-27,488.59
2013-08-26,502.97
2013-08-23,501.02
2013-08-22,502.96
2013-08-21,502.36
2013-08-20,501.07
2013-08-19,507.74
2013-08-16,502.33
2013-08-15,497.91
2013-08-14,498.5
2013-08-13,489.57
2013-08-12,467.36
2013-08-09,454.45
2013-08-08,461.01
2013-08-07,464.98
2013-08-06,465.25
2013-08-05,469.45
2013-08-02,462.54
2013-08-01,456.676
2013-07-31,452.53
2013-07-30,453.32
2013-07-29,447.79
2013-07-26,440.99
2013-07-25,438.5
2013-07-24,440.51
2013-07-23,418.99
2013-07-22,426.31
2013-07-19,424.95
2013-07-18,431.758
2013-07-17,430.31
2013-07-16,430.195
2013-07-15,427.44
2013-07-12,426.51
2013-07-11,427.288
2013-07-10,420.73
2013-07-09,422.35
2013-07-08,415.05
2013-07-05,417.42
2013-07-03,420.8
2013-07-02,418.49
2013-07-01,409.22
2013-06-28,396.53
2013-06-27,393.78
2013-06-26,398.07
2013-06-25,402.63
2013-06-24,402.54
2013-06-21,413.5
2013-06-20,416.838
2013-06-19,423.0
2013-06-18,431.77
2013-06-17,432.0
2013-06-14,430.05
2013-06-13,435.965
2013-06-12,432.19
2013-06-11,437.6
2013-06-10,438.89
2013-06-07,441.811
2013-06-06,438.46
2013-06-05,445.11
2013-06-04,449.31
2013-06-03,450.72
2013-05-31,449.735
2013-05-30,451.58
2013-05-29,444.95
2013-05-28,441.439
2013-05-24,445.15
2013-05-23,442.14
2013-05-22,441.354
2013-05-21,439.66
2013-05-20,442.93
2013-05-17,433.26
2013-05-16,434.578
2013-05-15,428.85
2013-05-14,443.86
2013-05-13,454.74
2013-05-10,452.97
2013-05-09,456.77
2013-05-08,463.84
2013-05-07,458.658
2013-05-06,460.71
2013-05-03,449.98
2013-05-02,445.52
2013-05-01,439.29
2013-04-30,442.78
2013-04-29,430.12
2013-04-26,417.205
2013-04-25,408.38
2013-04-24,405.462
2013-04-23,406.13
2013-04-22,398.67
2013-04-19,390.53
2013-04-18,392.05
2013-04-17,402.8
2013-04-16,426.24
2013-04-15,419.85
2013-04-12,429.8
2013-04-11,434.33
2013-04-10,435.69
2013-04-09,426.98
2013-04-08,426.21
2013-04-05,423.2
2013-04-04,427.72
2013-04-03,431.99
2013-04-02,429.792
2013-04-01,428.91
2013-03-28,442.66
2013-03-27,452.08
2013-03-26,461.136
2013-03-25,463.58
2013-03-22,461.91
2013-03-21,452.73
2013-03-20,452.08
2013-03-19,454.49
2013-03-18,455.72
2013-03-15,443.66
2013-03-14,432.5
2013-03-13,428.35
2013-03-12,428.43
2013-03-11,437.87
2013-03-08,431.72
2013-03-07,430.582
2013-03-06,425.662
2013-03-05,431.144
2013-03-04,420.05
2013-03-01,430.47
2013-02-28,441.4
2013-02-27,444.57
2013-02-26,448.97
2013-02-25,442.8
2013-02-22,450.81
2013-02-21,446.06
2013-02-20,448.85
2013-02-19,459.99
2013-02-15,460.16
2013-02-14,466.59
2013-02-13,467.01
2013-02-12,467.9
2013-02-11,479.93
2013-02-08,474.98
2013-02-07,468.22
2013-02-06,457.35
2013-02-05,457.844
2013-02-04,442.316
2013-02-01,453.62
2013-01-31,455.49
2013-01-30,456.83
2013-01-29,458.27
2013-01-28,449.83
2013-01-25,439.88
2013-01-24,450.5
2013-01-23,514.005
2013-01-22,504.77
2013-01-18,500.0
2013-01-17,502.68
2013-01-16,506.09
2013-01-15,485.92
2013-01-14,501.75
2013-01-11,520.3
2013-01-10,523.51
2013-01-09,517.1
2013-01-08,525.31
2013-01-07,523.9
2013-01-04,527.0
2013-01-03,542.0959
2013-01-02,549.03
2012-12-31,532.1729
2012-12-28,509.5892
2012-12-27,515.06
2012-12-26,512.9995
2012-12-24,520.168
2012-12-21,519.33
2012-12-20,521.7302
2012-12-19,526.31
2012-12-18,533.9
2012-12-17,518.83
2012-12-14,509.794
2012-12-13,529.69
2012-12-12,539.0
2012-12-11,541.388
2012-12-10,529.8209
2012-12-07,533.25
2012-12-06,547.2445
2012-12-05,538.7923
2012-12-04,575.8454
2012-12-03,586.19
2012-11-30,585.28
2012-11-29,589.36
2012-11-28,582.94
2012-11-27,584.78
2012-11-26,589.53
2012-11-23,571.5
2012-11-21,561.7
2012-11-20,560.9134
2012-11-19,565.73
2012-11-16,527.678
2012-11-15,525.62
2012-11-14,536.88
2012-11-13,542.898
2012-11-12,542.83
2012-11-09,547.06
2012-11-08,537.75
2012-11-07,558.0019
2012-11-06,582.8495
2012-11-05,584.6211
2012-11-02,576.8
2012-11-01,596.5399
2012-10-31,595.32
2012-10-26,604.0
2012-10-25,609.538
2012-10-24,616.83
2012-10-23,613.3554
2012-10-22,634.03
2012-10-19,609.84
2012-10-18,632.64
2012-10-17,644.6136
2012-10-16,649.7925
2012-10-15,634.76
2012-10-12,629.714
2012-10-11,628.1
2012-10-10,640.91
2012-10-09,635.85
2012-10-08,638.17
2012-10-05,652.59
2012-10-04,666.8
2012-10-03,671.45
2012-10-02,661.31
2012-10-01,659.39
2012-09-28,667.105
2012-09-27,681.32
2012-09-26,665.18
2012-09-25,673.54
2012-09-24,690.79
2012-09-21,700.095
2012-09-20,698.7
2012-09-19,702.1
2012-09-18,701.91
2012-09-17,699.781
2012-09-14,691.28
2012-09-13,682.98
2012-09-12,669.79
2012-09-11,660.59
2012-09-10,662.74
2012-09-07,680.44
2012-09-06,676.27
2012-09-05,670.23
2012-09-04,674.97
2012-08-31,665.24
2012-08-30,663.868
2012-08-29,673.466
2012-08-28,674.8
2012-08-27,675.68
2012-08-24,663.222
2012-08-23,662.63
2012-08-22,668.87
2012-08-21,656.062
2012-08-20,665.15
2012-08-17,648.11
2012-08-16,636.34
2012-08-15,630.83
2012-08-14,631.69
2012-08-13,630.0
2012-08-10,621.7
2012-08-09,620.73
2012-08-08,619.86
2012-08-07,620.914
2012-08-06,622.55
2012-08-03,615.7
2012-08-02,607.79
2012-08-01,606.81
2012-07-31,610.76
2012-07-30,595.03
2012-07-27,585.16
2012-07-26,574.88
2012-07-25,574.97
2012-07-24,600.92
2012-07-23,603.83
2012-07-20,604.3
2012-07-19,614.32
2012-07-18,606.26
2012-07-17,606.94
2012-07-16,606.91
2012-07-13,604.97
2012-07-12,598.9
2012-07-11,604.43
2012-07-10,608.21
2012-07-09,613.89
2012-07-06,605.88
2012-07-05,609.94
2012-07-03,599.41
2012-07-02,592.52
2012-06-29,584.0
2012-06-28,569.05
2012-06-27,574.5
2012-06-26,572.025
2012-06-25,570.765
2012-06-22,582.1
2012-06-21,577.67
2012-06-20,585.741
2012-06-19,587.41
2012-06-18,585.78
2012-06-15,574.13
2012-06-14,571.53
2012-06-13,572.16
2012-06-12,576.16
2012-06-11,571.17
2012-06-08,580.32
2012-06-07,571.72
2012-06-06,571.46
2012-06-05,562.83
2012-06-04,564.29
2012-06-01,560.99
2012-05-31,577.73
2012-05-30,579.17
2012-05-29,572.27
2012-05-25,562.29
2012-05-24,565.32
2012-05-23,570.56
2012-05-22,556.97
2012-05-21,561.28
2012-05-18,530.38
2012-05-17,530.12
2012-05-16,546.075
2012-05-15,553.17
2012-05-14,558.22
2012-05-11,566.71
2012-05-10,570.52
2012-05-09,569.18
2012-05-08,568.18
2012-05-07,569.48
2012-05-04,565.25
2012-05-03,581.82
2012-05-02,585.98
2012-05-01,582.13
2012-04-30,583.98
2012-04-27,603.0
2012-04-26,607.7
2012-04-25,610.0
2012-04-24,560.28
2012-04-23,571.7
2012-04-20,572.98
2012-04-19,587.44
2012-04-18,608.34
2012-04-17,609.7
2012-04-16,580.13
2012-04-13,605.23
2012-04-12,622.77
2012-04-11,626.2
2012-04-10,628.44
2012-04-09,636.23
2012-04-05,633.68
2012-04-04,624.31
2012-04-03,629.32
2012-04-02,618.63
2012-03-30,599.55
2012-03-29,609.86
2012-03-28,617.62
2012-03-27,614.48
2012-03-26,606.98
2012-03-23,596.05
2012-03-22,599.34
2012-03-21,602.5
2012-03-20,605.96
2012-03-19,601.1
2012-03-16,585.57
2012-03-15,585.56
2012-03-14,589.58
2012-03-13,568.1
2012-03-12,552.0
2012-03-09,545.17
2012-03-08,541.99
2012-03-07,530.69
2012-03-06,530.26
2012-03-05,533.16
2012-03-02,545.18
2012-03-01,544.47
2012-02-29,542.44
2012-02-28,535.41
2012-02-27,525.76
2012-02-24,522.41
2012-02-23,516.39
2012-02-22,513.04
2012-02-21,514.85
2012-02-17,502.12
2012-02-16,502.21
2012-02-15,497.67
2012-02-14,509.46
2012-02-13,502.6
2012-02-10,493.42
2012-02-09,493.17
2012-02-08,476.68
2012-02-07,468.83
2012-02-06,463.97
2012-02-03,459.68
2012-02-02,455.12
2012-02-01,456.19
2012-01-31,456.48
2012-01-30,453.01
2012-01-27,447.28
2012-01-26,444.63
2012-01-25,446.66
2012-01-24,420.41
2012-01-23,427.409
2012-01-20,420.3
2012-01-19,427.75
2012-01-18,429.11
2012-01-17,424.7
2012-01-13,419.81
2012-01-12,421.39
2012-01-11,422.55
2012-01-10,423.24
2012-01-09,421.73
2012-01-06,422.4
2012-01-05,418.03
2012-01-04,413.44
2012-01-03,411.23
2011-12-30,405.0
2011-12-29,405.12
2011-12-28,402.64
2011-12-27,406.53
2011-12-23,403.33
2011-12-22,398.55
2011-12-21,396.445
2011-12-20,395.95
2011-12-19,382.21
2011-12-16,381.02
2011-12-15,378.94
2011-12-14,380.19
2011-12-13,388.81
2011-12-12,391.84
2011-12-09,393.62
2011-12-08,390.66
2011-12-07,389.09
2011-12-06,390.95
2011-12-05,393.01
2011-12-02,389.7
2011-12-01,387.93
2011-11-30,382.2
2011-11-29,373.2
2011-11-28,376.12
2011-11-25,363.57
2011-11-23,366.99
2011-11-22,376.51
2011-11-21,369.01
2011-11-18,374.94
2011-11-17,377.41
2011-11-16,384.77
2011-11-15,388.83
2011-11-14,379.26
2011-11-11,384.62
2011-11-10,385.22
2011-11-09,395.28
2011-11-08,406.23
2011-11-07,399.73
2011-11-04,400.24
2011-11-03,403.07
2011-11-02,397.41
2011-11-01,396.51
2011-10-31,404.78
2011-10-28,404.95
2011-10-27,404.69
2011-10-26,400.6
2011-10-25,397.77
2011-10-24,405.77
2011-10-21,392.87
2011-10-20,395.31
2011-10-19,398.62
2011-10-18,422.24
2011-10-17,419.99
2011-10-14,422.0
2011-10-13,408.43
2011-10-12,402.19
2011-10-11,400.29
2011-10-10,388.81
2011-10-07,369.8
2011-10-06,377.37
2011-10-05,378.25
2011-10-04,372.5
2011-10-03,374.6
2011-09-30,381.32
2011-09-29,390.57
2011-09-28,397.01
2011-09-27,399.26
2011-09-26,403.17
2011-09-23,404.3
2011-09-22,401.82
2011-09-21,412.14
2011-09-20,413.45
2011-09-19,411.63
2011-09-16,400.5
2011-09-15,392.96
2011-09-14,389.3
2011-09-13,384.62
2011-09-12,379.94
2011-09-09,377.48
2011-09-08,384.14
2011-09-07,383.93
2011-09-06,379.74
2011-09-02,374.05
2011-09-01,381.03
2011-08-31,384.83
2011-08-30,389.99
2011-08-29,389.97
2011-08-26,383.58
2011-08-25,373.72
2011-08-24,376.18
2011-08-23,373.6
2011-08-22,356.44
2011-08-19,356.03
2011-08-18,366.05
2011-08-17,380.44
2011-08-16,380.48
2011-08-15,383.41
2011-08-12,376.99
2011-08-11,373.7
2011-08-10,363.69
2011-08-09,374.01
2011-08-08,353.21
2011-08-05,373.62
2011-08-04,377.37
2011-08-03,392.57
2011-08-02,388.91
2011-08-01,396.75
2011-07-29,390.48
2011-07-28,391.82
2011-07-27,392.59
2011-07-26,403.41
2011-07-25,398.5
2011-07-22,393.3
2011-07-21,387.29
2011-07-20,386.9
2011-07-19,376.85
2011-07-18,373.8
2011-07-15,364.92
2011-07-14,357.77
2011-07-13,358.02
2011-07-12,353.75
2011-07-11,354.0
2011-07-08,359.71
2011-07-07,357.2
2011-07-06,351.76
2011-07-05,349.43
2011-07-01,343.26
2011-06-30,335.67
2011-06-29,334.04
2011-06-28,335.26
2011-06-27,332.04
2011-06-24,326.35
2011-06-23,331.23
2011-06-22,322.61
2011-06-21,325.3
2011-06-20,315.32
2011-06-17,320.26
2011-06-16,325.16
